LOCAL_ID,H01,H02,H03,H04,H05,H06,H07,H08,H09,H10,H11,H12,H13,H14,H15,H16,H17,H18,H19,H20,H21,H22,H23,H24,station_base,travel_dir,Latitude,Longitude,Directions,source,utm_x,utm_y,matched_link_id,distance_m,reverse_link_id
FHA_27_000040_5,235.3913116455078,162.56521606445312,126.73912811279297,129.95652770996094,276.0869445800781,890.6087036132812,1583.521728515625,1814.8695068359375,1741.04345703125,1658.04345703125,1677.3477783203125,1886.565185546875,2041.391357421875,2121.95654296875,2456.739013671875,2870.0,3225.95654296875,2756.826171875,1797.0,1385.04345703125,1191.2174072265625,1029.478271484375,780.3912963867188,482.9565124511719,FHA_27_000040,5,44.892032623291016,-93.06649780273438,5,fha,494749.1223541389,4970958.857488365,350001,4.239335002161495,182997
FHA_27_000040_1,223.30435180664062,132.86956787109375,117.65217590332031,128.7391357421875,279.6956481933594,936.6521606445312,1612.6956787109375,2052.391357421875,1903.1304931640625,1613.04345703125,1556.8260498046875,1616.7825927734375,1654.6522216796875,1656.3043212890625,1769.391357421875,1896.7825927734375,2126.826171875,2099.9130859375,1647.0869140625,1257.8695068359375,1064.521728515625,891.7391357421875,667.0869750976562,399.7826232910156,FHA_27_000040,1,44.892032623291016,-93.06649780273438,1,fha,494749.1223541389,4970958.857488365,182997,4.239335002161495,350001
FHA_27_000382_5,123.26087188720703,80.91304016113281,60.869564056396484,64.13043212890625,134.86956787109375,429.39129638671875,751.5652465820312,922.04345703125,919.8261108398438,933.521728515625,978.1304321289062,975.2608642578125,1021.6521606445312,1070.2174072265625,1230.7825927734375,1394.6956787109375,1452.1739501953125,1356.521728515625,952.7391357421875,695.7391357421875,559.3478393554688,443.60870361328125,325.7826232910156,198.69564819335938,FHA_27_000382,5,44.68850326538086,-93.02110290527344,5,fha,498327.7810242425,4948348.22544658,599453,12.386214391975807,279370
FHA_27_000382_1,84.43478393554688,54.565216064453125,60.08695602416992,96.56521606445312,243.95652770996094,681.3478393554688,1001.7391357421875,933.3912963867188,847.2608642578125,901.2608642578125,964.7825927734375,996.7825927734375,997.6956787109375,996.7825927734375,1007.9130249023438,1108.04345703125,1156.434814453125,1120.1304931640625,851.7391357421875,641.5652465820312,507.9130554199219,396.3043518066406,244.30435180664062,147.52174377441406,FHA_27_000382,1,44.68850326538086,-93.02110290527344,1,fha,498327.7810242425,4948348.22544658,279370,12.386214391975807,599453
FHA_27_000420_7,74.84615325927734,53.230770111083984,38.38461685180664,68.38461303710938,181.76922607421875,430.0,768.8461303710938,945.076904296875,888.8461303710938,867.8461303710938,929.8461303710938,1005.5384521484375,1044.6922607421875,1045.6922607421875,1072.6153564453125,1145.84619140625,1146.230712890625,1055.5384521484375,908.3846435546875,736.0,592.4615478515625,501.6153869628906,304.1538391113281,143.61538696289062,FHA_27_000420,7,44.739559173583984,-93.26929473876953,7,fha,478679.52235268016,4954054.6555201225,481082,13.133917831484894,298018
FHA_27_000420_3,101.0,63.769229888916016,49.46154022216797,45.38461685180664,74.23076629638672,177.61538696289062,384.5384521484375,559.6153564453125,649.5384521484375,718.923095703125,851.4615478515625,973.4615478515625,1047.6922607421875,1066.3846435546875,1185.0,1320.3077392578125,1458.0,1335.6922607421875,1041.230712890625,822.3076782226562,655.6923217773438,499.3846130371094,297.3846130371094,189.15383911132812,FHA_27_000420,3,44.739559173583984,-93.26929473876953,3,fha,478679.52235268016,4954054.6555201225,251590,13.133917831484894,481082
FHA_27_006461_7,244.38095092773438,174.6666717529297,165.38095092773438,172.6666717529297,244.76190185546875,476.0952453613281,925.952392578125,1284.8095703125,1271.4285888671875,1553.8095703125,1740.4285888671875,1749.4761962890625,1770.7142333984375,1841.3809814453125,2016.142822265625,2145.90478515625,2263.09521484375,2048.1904296875,1760.142822265625,1270.952392578125,943.3809814453125,701.09521484375,516.0,379.23809814453125,FHA_27_006461,7,45.29991912841797,-93.80760192871094,7,fha,436681.5786338689,5016585.694126229,437849,7.952648100195433,216637
FHA_27_006461_3,173.85714721679688,125.23809814453125,127.61904907226562,202.90475463867188,549.5714111328125,1059.238037109375,1246.857177734375,1252.8095703125,1299.5714111328125,1377.6666259765625,1472.8095703125,1550.90478515625,1641.8095703125,1693.142822265625,1718.8095703125,1722.761962890625,1772.047607421875,1635.09521484375,1209.761962890625,965.90478515625,810.4761962890625,626.2380981445312,428.5714416503906,291.80950927734375,FHA_27_006461,3,45.29991912841797,-93.80760192871094,3,fha,436681.5786338689,5016585.694126229,216638,7.952648100195433,437849
FHA_27_009110_1,94.2272720336914,66.0,51.09090805053711,59.181819915771484,84.59091186523438,176.27272033691406,369.0,540.0454711914062,513.5454711914062,540.8636474609375,570.5454711914062,579.8636474609375,566.4545288085938,587.727294921875,625.0454711914062,685.9545288085938,732.4545288085938,694.8181762695312,560.6363525390625,427.7727355957031,345.68182373046875,282.9545593261719,216.27272033691406,157.5454559326172,FHA_27_009110,1,44.572113037109375,-93.84229278564453,1,fha,433122.1677404678,4935764.375612872,86860,1.855611114688594,86871
FHA_27_009110_5,63.59090805053711,44.0,43.318180084228516,63.95454406738281,143.5454559326172,349.1363525390625,456.9545593261719,503.4090881347656,481.4090881347656,513.727294921875,560.0,564.227294921875,568.4091186523438,609.3636474609375,641.0,663.0454711914062,710.0908813476562,676.8181762695312,482.7272644042969,376.2727355957031,308.3636474609375,240.4545440673828,168.09091186523438,108.0,FHA_27_009110,5,44.572113037109375,-93.84229278564453,5,fha,433122.1677404678,4935764.375612872,86871,1.855611114688594,86860
FHA_27_009556_3,16.826086044311523,16.39130401611328,16.521739959716797,38.130435943603516,133.95652770996094,287.86956787109375,384.60870361328125,374.8260803222656,287.7826232910156,274.7826232910156,269.7391357421875,260.39129638671875,266.60870361328125,273.86956787109375,282.4347839355469,320.7826232910156,342.9130554199219,303.65216064453125,203.52174377441406,149.17391967773438,139.04347229003906,106.56521606445312,59.60869598388672,32.34782791137695,FHA_27_009556,3,44.90624237060547,-93.98674011230469,3,fha,422103.0373616753,4973008.751348773,273233,6.7254645580864265,273234
FHA_27_009556_7,27.434782028198242,19.7391300201416,17.434782028198242,15.086956977844238,41.130435943603516,87.9565200805664,169.43478393554688,250.2608642578125,215.47825622558594,241.3913116455078,246.6086883544922,252.6086883544922,266.9565124511719,283.7391357421875,348.9130554199219,417.7391357421875,470.0,448.13043212890625,304.6956481933594,205.04347229003906,166.2608642578125,131.56521606445312,97.65217590332031,62.5217399597168,FHA_27_009556,7,44.90624237060547,-93.98674011230469,7,fha,422103.0373616753,4973008.751348773,273234,6.7254645580864265,273233
FHA_27_010069_5,474.521728515625,261.8260803222656,162.47825622558594,130.0,220.69564819335938,559.3912963867188,1139.2174072265625,1525.434814453125,1695.3043212890625,1783.9130859375,1853.3477783203125,2088.86962890625,2388.652099609375,2610.0,3295.86962890625,3953.86962890625,4536.78271484375,4107.04345703125,2947.04345703125,2217.304443359375,2027.391357421875,1856.3477783203125,1341.6522216796875,834.5652465820312,FHA_27_010069,5,44.81059646606445,-93.21900939941406,5,fha,482681.9346965799,4961933.745409844,518418,13.882596499749216,518456
FHA_27_010069_1,182.86956787109375,114.39130401611328,134.6521759033203,244.3478240966797,570.1738891601562,1482.1304931640625,2659.95654296875,3441.9130859375,2746.04345703125,2231.608642578125,2047.6522216796875,2059.173828125,2109.739013671875,2051.347900390625,1936.6522216796875,1959.95654296875,2054.86962890625,2077.521728515625,1731.6522216796875,1331.2174072265625,1137.7391357421875,917.6956787109375,696.2608642578125,370.9130554199219,FHA_27_010069,1,44.81059646606445,-93.21900939941406,1,fha,482681.9346965799,4961933.745409844,614318,13.882596499749216,518418
FHA_27_010205_5,212.56521606445312,135.0,99.0434799194336,95.43478393554688,218.82608032226562,616.7391357421875,1255.1739501953125,1253.391357421875,1232.3043212890625,1238.1304931640625,1311.434814453125,1467.95654296875,1599.9130859375,1740.9130859375,2329.304443359375,2560.13037109375,2688.0869140625,2439.304443359375,1766.6522216796875,1227.8260498046875,1046.8260498046875,814.0869750976562,749.521728515625,399.7391357421875,FHA_27_010205,5,44.836421966552734,-92.96883392333984,5,fha,502463.34278733976,4964779.687719305,485401,0.1361367499243387,599475
FHA_27_010205_1,175.7391357421875,120.73912811279297,106.0434799194336,175.95652770996094,408.0869445800781,1221.8260498046875,2077.78271484375,2355.739013671875,1680.7391357421875,1445.9130859375,1453.3477783203125,1551.1304931640625,1594.1304931640625,1570.2174072265625,1692.04345703125,1934.478271484375,1832.1304931640625,1636.3043212890625,1303.7825927734375,1062.04345703125,858.6956787109375,729.0869750976562,544.1304321289062,491.65216064453125,FHA_27_010205,1,44.836421966552734,-92.96883392333984,1,fha,502463.34278733976,4964779.687719305,599475,0.1361367499243387,485401
FHA_27_010206_3,472.86956787109375,309.3043518066406,253.04347229003906,259.39129638671875,419.7391357421875,1162.521728515625,2436.04345703125,3140.0,3170.21728515625,3063.0869140625,3054.04345703125,3248.608642578125,3556.0869140625,3729.9130859375,4529.78271484375,5176.13037109375,5567.13037109375,5215.2607421875,3588.478271484375,2569.434814453125,2203.04345703125,1782.478271484375,1357.1739501953125,790.478271484375,FHA_27_010206,3,44.883201599121094,-93.01541137695312,3,fha,498782.88252729026,4969975.826974595,330203,0.5144113518095705,611478
FHA_27_010206_7,336.0434875488281,244.0,222.47825622558594,339.6956481933594,801.4347534179688,2248.652099609375,3711.86962890625,4640.60888671875,3925.04345703125,3172.78271484375,2991.86962890625,3073.347900390625,3167.9130859375,3166.78271484375,3398.0,3866.0869140625,4148.7392578125,3875.86962890625,2775.13037109375,2199.13037109375,1855.8260498046875,1498.521728515625,995.4347534179688,654.0869750976562,FHA_27_010206,7,44.883201599121094,-93.01541137695312,7,fha,498782.88252729026,4969975.826974595,611478,0.5144113518095705,330203
FHA_27_010225_7,313.4347839355469,221.56521606445312,192.13043212890625,252.82608032226562,436.34783935546875,841.3912963867188,1412.0869140625,1877.04345703125,1989.6956787109375,2221.04345703125,2371.0,2491.173828125,2621.9130859375,2759.04345703125,3004.652099609375,3325.565185546875,3430.652099609375,3158.9130859375,2386.0869140625,1811.1739501953125,1409.434814453125,1115.521728515625,800.6956787109375,515.2174072265625,FHA_27_010225,7,44.95243453979492,-92.80477142333984,7,fha,515399.7238720751,4977685.039023602,118471,6.921498496156924,296940
FHA_27_010225_3,354.1739196777344,296.8260803222656,245.52174377441406,329.1739196777344,671.6956787109375,1734.95654296875,2643.0,2653.21728515625,2216.04345703125,2162.0,2223.173828125,2291.304443359375,2329.391357421875,2411.9130859375,2606.608642578125,2645.86962890625,2749.304443359375,2391.739013671875,1936.1304931640625,1603.478271484375,1438.0869140625,1159.1304931640625,856.6521606445312,544.3478393554688,FHA_27_010225,3,44.95243453979492,-92.80477142333984,3,fha,515399.7238720751,4977685.039023602,296940,6.921498496156924,118471
FHA_27_010310_1,322.65216064453125,237.43478393554688,197.47825622558594,215.52174377441406,350.60870361328125,994.95654296875,2036.0869140625,2906.13037109375,2949.9130859375,2606.695556640625,2410.0,2568.21728515625,2711.608642578125,2789.391357421875,2886.304443359375,2974.652099609375,2860.13037109375,2812.521728515625,2407.347900390625,1750.6956787109375,1486.04345703125,1262.95654296875,943.6956787109375,593.3912963867188,FHA_27_010310,1,44.90755844116211,-93.40120697021484,1,fha,468327.94724079454,4972759.683153292,2867,4.547326130029712,2220
FHA_27_010310_5,222.52174377441406,161.69564819335938,144.21739196777344,183.52174377441406,387.9130554199219,1015.0,1806.6956787109375,2623.434814453125,2656.391357421875,2193.608642578125,2064.0869140625,2184.21728515625,2303.347900390625,2371.0869140625,2593.304443359375,2856.173828125,2909.391357421875,2699.04345703125,2051.826171875,1539.0,1309.521728515625,1090.04345703125,770.6521606445312,432.4347839355469,FHA_27_010310,5,44.90755844116211,-93.40120697021484,5,fha,468327.94724079454,4972759.683153292,2220,4.547326130029712,2867
FHA_27_010338_1,349.8260803222656,215.9130401611328,176.0,218.2608642578125,365.39129638671875,970.3912963867188,1869.434814453125,2929.04345703125,2912.391357421875,2541.391357421875,2508.304443359375,2692.391357421875,2912.521728515625,3098.478271484375,3264.652099609375,3180.391357421875,3175.0,3081.0869140625,2816.347900390625,2138.9130859375,1863.2608642578125,1542.7825927734375,1162.434814453125,703.2174072265625,FHA_27_010338,1,44.97985076904297,-93.40043640136719,1,fha,468428.42608073616,4980790.065243683,63099,6.9135250262750025,559393
FHA_27_010338_5,215.6086883544922,173.9130401611328,163.0,203.7391357421875,475.13043212890625,1328.3043212890625,2502.9130859375,2972.9130859375,2843.260986328125,2656.0869140625,2482.304443359375,2619.9130859375,2669.04345703125,2624.173828125,2775.565185546875,2753.565185546875,2242.695556640625,2150.391357421875,2127.78271484375,1636.1304931640625,1364.8695068359375,1134.608642578125,779.7391357421875,395.86956787109375,FHA_27_010338,5,44.97985076904297,-93.40043640136719,5,fha,468428.42608073616,4980790.065243683,559393,6.9135250262750025,63099
FHA_27_010390_1,315.13043212890625,295.7391357421875,194.3913116455078,160.7391357421875,282.5652160644531,743.0869750976562,1602.95654296875,2508.9130859375,2676.478271484375,2634.78271484375,2767.0,3044.13037109375,3276.13037109375,3473.608642578125,4284.0869140625,4663.0869140625,4758.78271484375,4407.60888671875,3197.652099609375,2193.739013671875,1776.2174072265625,1390.2174072265625,956.9130249023438,597.7825927734375,FHA_27_010390,1,45.063228607177734,-93.44902038574219,1,fha,464649.27012812824,4990072.393291165,614815,3.291638397062767,396159
FHA_27_010390_5,200.0869598388672,139.52174377441406,136.0869598388672,288.0,883.4347534179688,2077.652099609375,3432.608642578125,4552.173828125,3942.347900390625,3172.434814453125,2790.0,2791.9130859375,2819.695556640625,2812.608642578125,2899.695556640625,3027.521728515625,3247.652099609375,2983.608642578125,2174.521728515625,1605.04345703125,1375.3477783203125,1086.0869140625,688.04345703125,384.0,FHA_27_010390,5,45.063228607177734,-93.44902038574219,5,fha,464649.27012812824,4990072.393291165,396159,3.291638397062767,614815
FHA_27_010398_7,394.2173767089844,278.2608642578125,242.04347229003906,233.21739196777344,351.0,831.6521606445312,1510.565185546875,1914.0,2126.391357421875,2518.347900390625,2782.04345703125,2908.21728515625,3038.86962890625,3203.78271484375,3764.173828125,4048.347900390625,4346.39111328125,3901.21728515625,3089.608642578125,2296.434814453125,1853.391357421875,1396.9130859375,1040.9130859375,692.6521606445312,FHA_27_010398,7,45.199546813964844,-93.56363677978516,7,fha,455731.27012227156,5005272.415935464,256197,5.517280994468574,388817
FHA_27_010398_3,281.8260803222656,198.17391967773438,205.3913116455078,367.2173767089844,1019.4347534179688,2618.652099609375,3552.86962890625,3719.652099609375,2989.565185546875,2756.521728515625,2797.95654296875,2852.260986328125,2880.86962890625,2894.95654296875,2942.565185546875,2901.13037109375,2951.95654296875,2762.434814453125,2285.260986328125,1739.3477783203125,1450.608642578125,1122.1739501953125,749.1738891601562,473.0,FHA_27_010398,3,45.199546813964844,-93.56363677978516,3,fha,455731.27012227156,5005272.415935464,388817,5.517280994468574,256197
FHA_27_010730_5,403.1739196777344,246.82608032226562,191.69564819335938,238.43478393554688,489.0869445800781,1608.391357421875,3355.173828125,5146.04345703125,5168.826171875,4308.2607421875,4036.0,4308.86962890625,4641.39111328125,4621.47802734375,4859.52197265625,5192.173828125,5394.60888671875,5119.13037109375,4075.86962890625,2942.86962890625,2508.04345703125,2141.304443359375,1550.2608642578125,845.6087036132812,FHA_27_010730,5,44.95745086669922,-93.34654235839844,5,fha,472666.9533683961,4978282.154293594,192350,0.689136579528361,132947
FHA_27_010730_1,419.1739196777344,270.7391357421875,199.30435180664062,176.47825622558594,316.5652160644531,850.3043212890625,2204.565185546875,4162.78271484375,4321.21728515625,3491.21728515625,3177.0869140625,3494.608642578125,3617.391357421875,3715.04345703125,4313.86962890625,4839.5654296875,4868.5654296875,4552.04345703125,3791.608642578125,2808.565185546875,2393.86962890625,1943.8695068359375,1463.2608642578125,879.3478393554688,FHA_27_010730,1,44.95745086669922,-93.34654235839844,1,fha,472666.9533683961,4978282.154293594,132947,0.689136579528361,484414
FHA_27_010794_7,773.6956787109375,494.65216064453125,356.0869445800781,326.7391357421875,509.2608642578125,1203.391357421875,2043.391357421875,2832.652099609375,2723.478271484375,2572.347900390625,2657.652099609375,2893.13037109375,3235.652099609375,3516.478271484375,4439.52197265625,5060.52197265625,5398.2607421875,4698.39111328125,3452.391357421875,2733.21728515625,2598.652099609375,2345.86962890625,2050.0869140625,1408.0869140625,FHA_27_010794,7,45.06048583984375,-93.28697967529297,7,fha,477405.42208888073,4989709.700125204,96910,1.1921415757451026,17842
FHA_27_010794_3,562.6956787109375,373.2608642578125,297.6956481933594,374.5652160644531,763.0,2381.95654296875,3973.347900390625,4650.47802734375,4339.7392578125,3272.652099609375,2917.434814453125,3000.434814453125,3050.21728515625,3096.13037109375,3381.304443359375,3499.173828125,3831.260986328125,3730.739013671875,3241.521728515625,2426.608642578125,2218.347900390625,2020.2174072265625,1665.3043212890625,1029.478271484375,FHA_27_010794,3,45.06048583984375,-93.28697967529297,3,fha,477405.42208888073,4989709.700125204,17842,1.1921415757451026,17843
FHA_27_010800_7,958.0999755859375,580.0999755859375,405.70001220703125,433.54998779296875,760.4000244140625,2038.050048828125,3656.199951171875,4910.2001953125,4609.4501953125,4409.85009765625,4410.2001953125,4624.10009765625,4857.14990234375,4912.39990234375,5001.85009765625,5118.35009765625,5130.75,4993.2001953125,4744.25,4141.2998046875,3784.949951171875,3487.949951171875,2867.85009765625,1871.5,FHA_27_010800,7,44.965240478515625,-93.2813720703125,7,fha,477810.1721962802,4979127.573619843,362774,5.071708815728512,559300
FHA_27_010800_3,812.8499755859375,532.6500244140625,437.79998779296875,438.3999938964844,800.9000244140625,2204.35009765625,4193.60009765625,4714.7001953125,4429.14990234375,4376.25,4365.85009765625,4397.10009765625,4377.0,4419.75,4471.35009765625,4482.35009765625,4482.7001953125,4460.2998046875,4335.2001953125,3748.89990234375,3465.25,3158.14990234375,2589.800048828125,1542.300048828125,FHA_27_010800,3,44.965240478515625,-93.2813720703125,3,fha,477810.1721962802,4979127.573619843,559300,5.071708815728512,362774
FHA_27_010808_5,1029.9130859375,661.5652465820312,534.3478393554688,567.04345703125,1028.608642578125,2418.13037109375,3974.86962890625,5403.826171875,5088.86962890625,4792.39111328125,4808.2607421875,5075.5654296875,5389.9130859375,5514.7392578125,5985.7392578125,6061.52197265625,5974.7392578125,5488.2607421875,4862.13037109375,4163.5654296875,3737.826171875,3493.347900390625,2915.78271484375,1906.1304931640625,FHA_27_010808,5,44.9107780456543,-93.27464294433594,5,fha,478320.36657060107,4973075.733679278,221155,1.5234214611777366,24632
FHA_27_010808_1,1020.1738891601562,632.3912963867188,444.1739196777344,461.8260803222656,841.1738891601562,2311.95654296875,4664.0869140625,6048.34765625,5473.34765625,4836.4345703125,4787.30419921875,4984.30419921875,5230.5654296875,5246.7392578125,5613.69580078125,5381.65234375,5316.21728515625,5129.0869140625,5204.69580078125,4367.0,3909.608642578125,3598.652099609375,2866.0,1793.2174072265625,FHA_27_010808,1,44.9107780456543,-93.27464294433594,1,fha,478320.36657060107,4973075.733679278,24632,1.5234214611777366,221155
FHA_27_010830_1,161.95652770996094,109.78260803222656,90.91304016113281,130.69564819335938,268.0869445800781,862.1304321289062,1621.7825927734375,1865.0869140625,1479.0869140625,1160.0,1043.434814453125,1057.0,1072.3043212890625,1060.0869140625,1205.1739501953125,1278.7825927734375,1251.2608642578125,1265.0,1051.8260498046875,808.2608642578125,667.6956787109375,608.4347534179688,509.5652160644531,378.0869445800781,FHA_27_010830,1,44.9323844909668,-93.02609252929688,1,fha,497941.09227143193,4975439.549863874,50648,23.05717114049025,594011
FHA_27_010830_5,195.56521606445312,117.52173614501953,90.26087188720703,94.78260803222656,180.0,482.5652160644531,846.8695678710938,877.8261108398438,828.9130249023438,795.0869750976562,839.2174072265625,942.1738891601562,1062.95654296875,1199.6522216796875,1573.3043212890625,1725.1304931640625,1827.478271484375,1718.7391357421875,1209.2174072265625,906.3912963867188,818.3478393554688,713.95654296875,613.8695678710938,402.86956787109375,FHA_27_010830,5,44.9323844909668,-93.02609252929688,5,fha,497941.09227143193,4975439.549863874,594011,23.05717114049025,50648
FHA_27_010840_3,120.34782409667969,74.34782409667969,53.08695602416992,64.47826385498047,112.34782409667969,283.3043518066406,512.5652465820312,829.1738891601562,899.3912963867188,860.7825927734375,949.3043212890625,1049.2174072265625,1207.521728515625,1340.3477783203125,1494.434814453125,1705.04345703125,1823.6522216796875,1642.0,1139.6522216796875,854.95654296875,720.6521606445312,624.8261108398438,423.34783935546875,228.95652770996094,FHA_27_010840,3,45.01209259033203,-93.01110076904297,3,fha,499125.2736521719,4984293.794974515,442423,6.253853391696618,133388
FHA_27_010840_7,116.82608795166016,94.73912811279297,40.21739196777344,68.21739196777344,176.9130401611328,570.04345703125,1172.1739501953125,1457.391357421875,1295.391357421875,1007.4347534179688,948.478271484375,988.8261108398438,1022.2608642578125,996.5652465820312,1116.7825927734375,1192.391357421875,1215.391357421875,1111.95654296875,856.5652465820312,632.6521606445312,574.04345703125,490.478271484375,383.9565124511719,220.78260803222656,FHA_27_010840,7,45.01209259033203,-93.01110076904297,7,fha,499125.2736521719,4984293.794974515,556282,6.253853391696618,442423
FHA_27_010899_7,191.61904907226562,136.04762268066406,105.57142639160156,180.23809814453125,483.4285583496094,1391.857177734375,2558.1904296875,2997.142822265625,2947.0,2441.8095703125,2287.1904296875,2420.28564453125,2524.28564453125,2450.380859375,2613.333251953125,2714.761962890625,2942.571533203125,2706.71435546875,2187.238037109375,1569.047607421875,1379.90478515625,1055.5714111328125,727.8095092773438,406.3809509277344,FHA_27_010899,7,45.010257720947266,-93.13895416259766,7,fha,489050.24076818756,4984099.294367915,618468,3.141216048891258,39132
FHA_27_010899_3,333.4761962890625,216.4761962890625,174.2857208251953,140.3333282470703,186.8095245361328,488.28570556640625,1130.4285888671875,1788.3333740234375,1863.4285888671875,1746.047607421875,1895.3809814453125,2130.428466796875,2469.047607421875,2579.047607421875,3068.1904296875,3182.380859375,3216.28564453125,3070.142822265625,2435.571533203125,1950.2857666015625,1684.4761962890625,1403.6190185546875,1082.0,624.90478515625,FHA_27_010899,3,45.010257720947266,-93.13895416259766,3,fha,489050.24076818756,4984099.294367915,39132,3.141216048891258,618468
FHA_27_010919_3,610.7825927734375,456.8260803222656,383.86956787109375,384.2608642578125,747.5652465820312,2240.260986328125,4095.0,4752.78271484375,4603.39111328125,4072.260986328125,3850.95654296875,4035.304443359375,4336.04345703125,4493.39111328125,5163.2607421875,5212.9130859375,5106.86962890625,4830.30419921875,4025.695556640625,2894.347900390625,2478.13037109375,2121.695556640625,1702.8695068359375,1031.6522216796875,FHA_27_010919,3,45.057674407958984,-93.13842010498047,3,fha,489101.3288039843,4989366.646699236,346143,4.8821474104572395,456898
FHA_27_010919_7,575.0,381.5652160644531,317.4347839355469,439.5652160644531,1029.04345703125,2563.0,3758.347900390625,4751.60888671875,4358.0,3649.0869140625,3573.95654296875,3861.304443359375,4184.4345703125,4518.47802734375,5000.65234375,4977.0,4848.5654296875,4603.2607421875,3859.0869140625,2944.652099609375,2634.391357421875,2308.391357421875,1723.391357421875,1118.434814453125,FHA_27_010919,7,45.057674407958984,-93.13842010498047,7,fha,489101.3288039843,4989366.646699236,456898,4.8821474104572395,346143
FHA_27_011191_7,329.7391357421875,185.0,131.9130401611328,169.04347229003906,377.9565124511719,1121.2174072265625,2329.304443359375,3451.21728515625,3389.0,3154.478271484375,3027.21728515625,3153.86962890625,3257.652099609375,3284.21728515625,3371.260986328125,3482.608642578125,3571.260986328125,3433.521728515625,2989.0869140625,2294.565185546875,1912.0869140625,1590.8260498046875,1117.8260498046875,629.6956787109375,FHA_27_011191,7,44.888912200927734,-93.38289642333984,7,fha,469763.6465717278,4970681.376391858,437753,13.20425938678691,106577
FHA_27_011191_3,295.13043212890625,182.82608032226562,186.3913116455078,170.86956787109375,334.8260803222656,1067.8695068359375,2476.260986328125,2921.78271484375,2600.478271484375,2608.0869140625,2739.652099609375,2753.565185546875,2637.826171875,2613.434814453125,2654.86962890625,2546.21728515625,2527.9130859375,2473.0869140625,2483.521728515625,2073.347900390625,1795.565185546875,1473.8260498046875,1077.6956787109375,613.6956787109375,FHA_27_011191,3,44.888912200927734,-93.38289642333984,3,fha,469763.6465717278,4970681.376391858,366598,13.20425938678691,437753
FHA_27_011196_7,69.43478393554688,37.08695602416992,21.60869598388672,30.565217971801758,62.60869598388672,215.78260803222656,538.478271484375,1004.95654296875,1141.95654296875,963.3478393554688,901.0869750976562,988.521728515625,1057.521728515625,1076.521728515625,1133.6522216796875,1285.2174072265625,1446.6522216796875,1299.6522216796875,916.7391357421875,642.1738891601562,534.3478393554688,393.39129638671875,252.78260803222656,134.17391967773438,FHA_27_011196,7,44.89175033569336,-93.43751525878906,7,fha,465452.2351881849,4971018.444241039,602210,2.0825965768410692,324717
FHA_27_011196_3,54.78260803222656,24.434782028198242,21.30434799194336,30.217391967773438,68.17391204833984,279.8260803222656,644.478271484375,1137.8260498046875,1239.3477783203125,965.3912963867188,877.04345703125,893.1738891601562,913.4347534179688,839.6087036132812,807.1304321289062,873.8695678710938,958.3478393554688,879.8695678710938,713.3043212890625,498.65216064453125,434.7826232910156,345.9565124511719,226.2608642578125,116.65217590332031,FHA_27_011196,3,44.89175033569336,-93.43751525878906,3,fha,465452.2351881849,4971018.444241039,324718,2.0825965768410692,602210
FHA_27_011205_7,152.6086883544922,91.78260803222656,69.73912811279297,89.82608795166016,210.95652770996094,663.478271484375,1109.2608642578125,1680.3043212890625,1729.8695068359375,1534.1304931640625,1493.0869140625,1620.391357421875,1705.6522216796875,1735.8260498046875,1973.2174072265625,2198.13037109375,2369.478271484375,2174.826171875,1640.04345703125,1205.95654296875,988.7391357421875,828.2174072265625,574.0,319.4347839355469,FHA_27_011205,7,44.87586975097656,-93.41464233398438,7,fha,467249.3539221833,4969244.868819146,304090,7.592028828069787,113976
FHA_27_011205_3,130.47825622558594,80.52173614501953,108.08695983886719,75.21739196777344,157.04347229003906,542.5652465820312,1399.7391357421875,2084.608642578125,1881.7391357421875,1541.9130859375,1504.8260498046875,1581.478271484375,1693.8695068359375,1679.8695068359375,1742.565185546875,1790.1304931640625,1902.6522216796875,1723.521728515625,1485.8260498046875,1149.608642578125,1022.0869750976562,766.7825927734375,585.4347534179688,302.7391357421875,FHA_27_011205,3,44.87586975097656,-93.41464233398438,3,fha,467249.3539221833,4969244.868819146,113976,7.592028828069787,304090
FHA_27_011228_1,270.8260803222656,191.6521759033203,194.43478393554688,201.3913116455078,327.8260803222656,865.3912963867188,1574.608642578125,2383.86962890625,2295.04345703125,2101.86962890625,2167.13037109375,2343.260986328125,2537.13037109375,2702.173828125,2915.434814453125,2701.13037109375,2765.173828125,2659.260986328125,2340.86962890625,1775.3043212890625,1480.9130859375,1223.1304931640625,913.6087036132812,554.521728515625,FHA_27_011228,1,45.05009841918945,-93.40071868896484,1,fha,468444.77260820323,4988593.819524266,124592,4.688544919870346,120450
FHA_27_011228_5,182.47825622558594,158.3913116455078,138.95652770996094,227.52174377441406,670.3043212890625,1617.2174072265625,2546.9130859375,2850.826171875,2597.21728515625,2295.521728515625,2083.86962890625,2170.347900390625,2270.565185546875,2303.04345703125,2462.86962890625,2480.0869140625,2348.565185546875,2127.826171875,1858.8695068359375,1454.2608642578125,1281.8260498046875,1093.04345703125,693.3478393554688,375.13043212890625,FHA_27_011228,5,45.05009841918945,-93.40071868896484,5,fha,468444.77260820323,4988593.819524266,120450,4.688544919870346,124592
FHA_27_011236_7,192.3913116455078,98.52173614501953,67.43478393554688,83.13043212890625,240.2608642578125,569.3478393554688,1305.95654296875,2240.739013671875,2520.173828125,2093.521728515625,2019.608642578125,2318.260986328125,2619.652099609375,2691.347900390625,3094.391357421875,3652.0,3975.391357421875,3700.78271484375,2372.304443359375,1659.7391357421875,1390.9130859375,1151.3043212890625,841.0,446.3043518066406,FHA_27_011236,7,44.9708366394043,-93.4377670288086,7,fha,465479.7626830873,4979803.932218784,543038,3.4612404037057036,440281
FHA_27_011236_3,143.82608032226562,89.60869598388672,98.43478393554688,85.43478393554688,193.95652770996094,856.478271484375,2039.1739501953125,3564.13037109375,3631.739013671875,2626.86962890625,2283.260986328125,2357.608642578125,2316.739013671875,2231.04345703125,2364.521728515625,2489.347900390625,2534.21728515625,2376.347900390625,1822.608642578125,1328.04345703125,1193.0869140625,1085.8695068359375,757.5652465820312,396.7826232910156,FHA_27_011236,3,44.9708366394043,-93.4377670288086,3,fha,465479.7626830873,4979803.932218784,589221,3.4612404037057036,543038
FHA_27_011238_7,380.9565124511719,224.0,164.69564819335938,173.0869598388672,406.0434875488281,1037.3477783203125,2308.9130859375,4057.0869140625,4433.04345703125,3557.695556640625,3288.86962890625,3669.260986328125,4024.304443359375,4102.173828125,4564.0869140625,5149.30419921875,5544.13037109375,5152.65234375,3488.391357421875,2515.0,2212.13037109375,1960.3043212890625,1547.7391357421875,845.6087036132812,FHA_27_011238,7,44.9708366394043,-93.361328125,7,fha,471507.37333024736,4979774.224997191,327078,2.196917034740627,327079
FHA_27_011238_3,328.65216064453125,227.21739196777344,186.78260803222656,174.7391357421875,316.34783935546875,1174.0869140625,2828.0869140625,4556.78271484375,4662.69580078125,3896.78271484375,3571.304443359375,3818.04345703125,3896.21728515625,3796.173828125,3880.695556640625,3760.608642578125,3661.78271484375,3533.21728515625,3275.608642578125,2521.652099609375,2133.739013671875,1856.95654296875,1335.2174072265625,751.95654296875,FHA_27_011238,3,44.9708366394043,-93.361328125,3,fha,471507.37333024736,4979774.224997191,500373,2.196917034740627,327078
FHA_27_011273_5,593.9091186523438,447.2727355957031,372.5454406738281,434.8636474609375,887.5908813476562,2807.95458984375,4936.5908203125,5575.5908203125,5287.36376953125,4418.95458984375,4238.5908203125,4421.77294921875,4732.681640625,4833.36376953125,5193.72705078125,5346.181640625,5228.5,5002.63623046875,4178.86376953125,3155.5,2772.04541015625,2364.772705078125,1896.5,1161.1817626953125,FHA_27_011273,5,44.995784759521484,-93.08924865722656,5,fha,492965.32488097483,4982486.014374181,525557,6.5604805393395305,456448
FHA_27_011273_1,664.6818237304688,400.31817626953125,336.0909118652344,395.3636474609375,789.6363525390625,1986.8636474609375,3109.4091796875,4034.363525390625,4055.54541015625,3883.681884765625,3947.363525390625,4255.86376953125,4599.818359375,4953.72705078125,5560.54541015625,5701.318359375,5638.63623046875,5362.45458984375,4277.0,3262.727294921875,2768.727294921875,2452.363525390625,1953.5,1282.272705078125,FHA_27_011273,1,44.995784759521484,-93.08924865722656,1,fha,492965.32488097483,4982486.014374181,456448,6.5604805393395305,525557
FHA_27_011280_1,409.0869445800781,269.86956787109375,236.6086883544922,296.521728515625,571.0,1651.434814453125,3159.78271484375,3894.739013671875,3433.78271484375,3193.86962890625,3196.347900390625,3358.434814453125,3434.652099609375,3316.739013671875,3526.260986328125,3619.434814453125,3689.21728515625,3515.9130859375,2985.04345703125,2361.521728515625,2032.1739501953125,1710.1304931640625,1280.6522216796875,763.6521606445312,FHA_27_011280,1,44.84701919555664,-93.29815673828125,1,fha,476438.2390754945,4965999.634252927,24596,6.676298078005831,58756
FHA_27_011280_5,441.3043518066406,284.0869445800781,236.17391967773438,207.47825622558594,362.39129638671875,1044.2174072265625,2118.652099609375,2979.04345703125,2866.86962890625,2801.739013671875,2801.521728515625,2974.434814453125,3140.391357421875,3305.565185546875,3732.95654296875,3999.391357421875,4137.4345703125,3826.78271484375,3052.565185546875,2336.347900390625,2012.7825927734375,1694.6522216796875,1362.478271484375,862.0869750976562,FHA_27_011280,5,44.84701919555664,-93.29815673828125,5,fha,476438.2390754945,4965999.634252927,58756,6.676298078005831,24596
FHA_27_011283_3,508.7826232910156,371.7391357421875,361.2608642578125,427.5652160644531,870.04345703125,1904.6956787109375,2666.86962890625,3236.521728515625,3210.565185546875,3215.173828125,3424.826171875,3691.0869140625,3968.391357421875,3969.608642578125,4057.0869140625,4072.0869140625,3773.391357421875,3611.13037109375,3443.95654296875,2623.0869140625,2201.347900390625,1780.3477783203125,1332.2608642578125,939.478271484375,FHA_27_011283,3,44.862247467041016,-93.26380157470703,3,fha,479158.6407548233,4967681.8697876595,102886,0.909434002481896,498942
FHA_27_011283_7,731.95654296875,443.9565124511719,295.7826232910156,332.6956481933594,719.6956787109375,1934.608642578125,3286.695556640625,3150.652099609375,2881.95654296875,3101.304443359375,3010.347900390625,3163.347900390625,3275.826171875,3237.0,3371.9130859375,3027.565185546875,2932.826171875,2999.521728515625,3036.521728515625,2730.826171875,2463.86962890625,2213.652099609375,1623.6522216796875,1040.0,FHA_27_011283,7,44.862247467041016,-93.26380157470703,7,fha,479158.6407548233,4967681.8697876595,498942,0.909434002481896,102886
FHA_27_011464_1,238.56521606445312,153.78260803222656,104.13043212890625,127.6956558227539,182.86956787109375,524.7825927734375,934.2608642578125,1268.565185546875,1389.8695068359375,1668.565185546875,1833.1739501953125,1967.1739501953125,2126.521728515625,2305.347900390625,2826.13037109375,3401.260986328125,3678.260986328125,3100.304443359375,2178.521728515625,1602.3043212890625,1309.9130859375,922.0869750976562,655.2174072265625,400.13043212890625,FHA_27_011464,1,45.08509826660156,-93.05265045166016,1,fha,495856.4862190277,4992405.157790672,603866,3.0393628404498614,92394
FHA_27_011464_5,172.69564819335938,117.34782409667969,108.0,203.82608032226562,549.0,1772.3477783203125,2983.304443359375,3109.304443359375,2477.304443359375,2057.391357421875,1980.8695068359375,1989.608642578125,2016.434814453125,1887.0869140625,1964.1304931640625,2014.6956787109375,2110.434814453125,1951.2608642578125,1518.8695068359375,1158.95654296875,1011.6087036132812,807.7391357421875,554.2608642578125,315.34783935546875,FHA_27_011464,5,45.08509826660156,-93.05265045166016,5,fha,495856.4862190277,4992405.157790672,92394,3.0393628404498614,603866
FHA_27_011510_1,526.6666870117188,348.6666564941406,267.3333435058594,281.3333435058594,610.0,1782.3333740234375,3611.333251953125,4881.0,4697.33349609375,3933.666748046875,3480.666748046875,3527.666748046875,3942.666748046875,4438.33349609375,5481.33349609375,6439.66650390625,5918.33349609375,5426.66650390625,4314.0,3081.333251953125,2645.333251953125,2240.0,1820.3333740234375,970.3333129882812,FHA_27_011510,1,45.05415725708008,-93.18791198730469,1,fha,485203.61974481907,4988983.786836172,21327,4.759724890599639,330960
FHA_27_011510_5,239.0,186.3333282470703,176.0,317.3333435058594,715.3333129882812,2038.3333740234375,3072.666748046875,4155.0,3792.0,2913.333251953125,2652.0,2704.666748046875,2906.666748046875,2692.333251953125,3358.0,3330.333251953125,3760.666748046875,3290.666748046875,2266.666748046875,1697.6666259765625,1502.0,1329.3333740234375,879.3333129882812,440.0,FHA_27_011510,5,45.05415725708008,-93.18791198730469,5,fha,485203.61974481907,4988983.786836172,330960,4.759724890599639,21326
FHA_27_011516_1,261.45001220703125,183.5,142.10000610351562,166.9499969482422,435.8500061035156,1472.699951171875,2654.10009765625,2856.199951171875,2530.699951171875,2325.050048828125,2280.199951171875,2388.60009765625,2546.449951171875,2632.75,3068.449951171875,3390.75,3471.89990234375,3134.64990234375,2379.699951171875,1707.050048828125,1440.6500244140625,1148.0999755859375,839.25,516.5999755859375,FHA_27_011516,1,45.15619659423828,-93.16735076904297,1,fha,486846.08545542497,5000315.720791843,359576,3.494899791480255,557307
FHA_27_011516_5,148.89999389648438,118.6500015258789,94.05000305175781,174.75,445.5,1301.4000244140625,1797.550048828125,2000.050048828125,1649.0,1533.6500244140625,1607.1500244140625,1657.449951171875,1745.9000244140625,1839.699951171875,2254.0,2515.85009765625,2557.39990234375,2170.550048828125,1511.449951171875,1060.449951171875,895.6500244140625,702.0,501.0,311.3500061035156,FHA_27_011516,5,45.15619659423828,-93.16735076904297,5,fha,486846.08545542497,5000315.720791843,557307,3.494899791480255,574819
FHA_27_011517_1,359.9565124511719,235.17391967773438,186.0,177.43478393554688,433.7391357421875,1112.1739501953125,2256.434814453125,3494.21728515625,3563.826171875,3140.347900390625,3088.391357421875,3340.521728515625,3615.9130859375,3821.347900390625,4422.69580078125,4688.78271484375,4587.826171875,4463.13037109375,3447.260986328125,2480.826171875,2113.260986328125,1662.6956787109375,1171.2174072265625,689.8695678710938,FHA_27_011517,1,44.99040603637695,-93.45903015136719,1,fha,463815.36468834785,4981987.111038291,464961,0.30003686782739175,109783
FHA_27_011517_5,243.95652770996094,171.43478393554688,148.3478240966797,238.86956787109375,627.3043212890625,1758.9130859375,3185.260986328125,4434.39111328125,4216.0869140625,3556.13037109375,3290.13037109375,3421.304443359375,3404.13037109375,3359.0869140625,3563.95654296875,3903.0,4135.95654296875,3615.347900390625,2741.304443359375,1954.434814453125,1613.1739501953125,1288.1304931640625,859.0869750976562,479.0869445800781,FHA_27_011517,5,44.99040603637695,-93.45903015136719,5,fha,463815.36468834785,4981987.111038291,109783,0.30003686782739175,464961
FHA_27_011726_3,752.3478393554688,479.65216064453125,382.39129638671875,285.7391357421875,440.0434875488281,1474.6956787109375,3266.826171875,4404.04345703125,4505.0869140625,4138.47802734375,3923.95654296875,4073.565185546875,4316.60888671875,4307.65234375,4715.0869140625,4679.7392578125,4853.0,4486.13037109375,4357.2607421875,3395.565185546875,2955.478271484375,2767.739013671875,2375.608642578125,1463.0869140625,FHA_27_011726,3,44.96552658081055,-93.24717712402344,3,fha,480506.9830301662,4979150.565699576,184806,7.718325320432434,184805
FHA_27_011726_7,765.7825927734375,470.521728515625,346.521728515625,349.0434875488281,547.5652465820312,1515.8260498046875,3063.391357421875,4294.65234375,4059.478271484375,3751.608642578125,3547.260986328125,3791.21728515625,3893.652099609375,3874.173828125,3683.78271484375,3051.0,2822.173828125,2881.0,3566.652099609375,3237.304443359375,2858.739013671875,2667.565185546875,2330.826171875,1510.6522216796875,FHA_27_011726,7,44.96552658081055,-93.24717712402344,7,fha,480506.9830301662,4979150.565699576,184805,7.718325320432434,184806
FHA_27_011747_7,535.04345703125,355.0,279.4347839355469,380.2608642578125,833.04345703125,2501.9130859375,4463.04345703125,4992.86962890625,4562.21728515625,3823.04345703125,3534.391357421875,3670.78271484375,3800.826171875,3807.347900390625,4063.826171875,4005.478271484375,4113.95654296875,4056.304443359375,3521.826171875,2704.826171875,2339.826171875,1994.0869140625,1550.565185546875,932.1738891601562,FHA_27_011747,7,44.9517822265625,-93.0638427734375,7,fha,494963.9943579128,4977596.021639026,591375,1.6927146839785316,149191
FHA_27_011747_3,654.8261108398438,410.2173767089844,304.478271484375,288.34783935546875,414.86956787109375,1104.608642578125,2157.391357421875,2967.608642578125,3153.260986328125,3098.608642578125,3205.86962890625,3538.173828125,3970.86962890625,4198.0,5048.69580078125,5733.21728515625,6060.65234375,5334.52197265625,3774.86962890625,3003.0869140625,2630.347900390625,2309.391357421875,1907.0869140625,1322.521728515625,FHA_27_011747,3,44.9517822265625,-93.0638427734375,3,fha,494963.9943579128,4977596.021639026,193768,1.6927146839785316,591375
FHA_27_011749_3,383.65216064453125,226.7391357421875,159.47825622558594,179.0869598388672,261.34783935546875,676.95654296875,1379.565185546875,2175.826171875,2311.0,2262.478271484375,2283.78271484375,2467.9130859375,2743.565185546875,2896.04345703125,3408.608642578125,3992.695556640625,4361.60888671875,3821.695556640625,2496.521728515625,1912.6522216796875,1635.608642578125,1408.8695068359375,1111.8695068359375,748.8695678710938,FHA_27_011749,3,44.9507942199707,-93.01007843017578,3,fha,499204.9859481258,4977484.334691774,273580,7.652870406687121,273628
FHA_27_011749_7,342.5652160644531,241.9130401611328,166.2608642578125,212.17391967773438,470.6956481933594,1464.1739501953125,2836.9130859375,3370.391357421875,3021.739013671875,2562.565185546875,2400.260986328125,2537.04345703125,2625.826171875,2590.9130859375,2793.695556640625,2828.304443359375,3008.95654296875,2882.9130859375,2435.78271484375,1862.521728515625,1639.7825927734375,1346.7391357421875,992.5652465820312,570.2608642578125,FHA_27_011749,7,44.9507942199707,-93.01007843017578,7,fha,499204.9859481258,4977484.334691774,273628,7.652870406687121,273579
FHA_27_011759_1,206.18182373046875,125.7727279663086,111.18181610107422,121.13636016845703,185.22727966308594,435.9545593261719,861.9545288085938,1344.45458984375,1464.04541015625,1754.227294921875,2003.272705078125,2067.4091796875,2143.727294921875,2320.0908203125,2872.227294921875,3414.45458984375,3490.681884765625,3115.727294921875,2231.0,1503.5,1140.272705078125,818.0,590.8181762695312,370.68182373046875,FHA_27_011759,1,45.28495788574219,-93.00297546386719,1,fha,499766.65326629893,5014606.406713461,149608,1.2418243662513384,184708
FHA_27_011759_5,145.90908813476562,99.95454406738281,116.63636016845703,271.6363525390625,917.8181762695312,2659.04541015625,3261.136474609375,2787.4091796875,2028.1363525390625,1774.227294921875,1730.727294921875,1748.227294921875,1796.1817626953125,1806.45458984375,1857.5,1908.3636474609375,1991.95458984375,1788.1817626953125,1380.5,1079.0909423828125,907.4091186523438,737.5454711914062,478.5909118652344,276.9090881347656,FHA_27_011759,5,45.28495788574219,-93.00297546386719,5,fha,499766.65326629893,5014606.406713461,184708,1.2418243662513384,149608
FHA_27_042507_3,311.34783935546875,239.04347229003906,225.95652770996094,224.78260803222656,371.60870361328125,869.8261108398438,1472.0869140625,1515.3477783203125,1318.434814453125,1251.565185546875,1238.3043212890625,1267.6956787109375,1260.8260498046875,1329.565185546875,1356.391357421875,1375.521728515625,1368.3043212890625,1326.478271484375,1177.2174072265625,985.6087036132812,878.3043212890625,799.3912963867188,708.9130249023438,518.2608642578125,FHA_27_042507,3,44.790042877197266,-93.40541076660156,3,fha,467930.948947289,4959707.187477156,479639,0.20549018627244856,479057
FHA_27_042507_7,267.7391357421875,191.3913116455078,140.56521606445312,133.82608032226562,193.0,543.95654296875,971.8695678710938,1095.434814453125,1042.521728515625,1136.434814453125,1230.0,1271.04345703125,1312.2174072265625,1326.434814453125,1473.6522216796875,1548.434814453125,1606.9130859375,1620.391357421875,1399.1304931640625,1198.0,1029.434814453125,894.7391357421875,707.6087036132812,473.478271484375,FHA_27_042507,7,44.790042877197266,-93.40541076660156,7,fha,467930.948947289,4959707.187477156,479057,0.20549018627244856,479639
FHA_55_550002_3,211.13636779785156,152.18182373046875,140.68182373046875,160.9545440673828,247.27272033691406,429.31817626953125,726.9091186523438,980.3636474609375,1100.1817626953125,1371.5909423828125,1564.3636474609375,1582.6363525390625,1544.8636474609375,1570.8182373046875,1598.6817626953125,1597.54541015625,1552.04541015625,1325.95458984375,1137.5,917.1363525390625,671.1363525390625,537.0908813476562,404.4545593261719,305.6363525390625,FHA_55_550002,3,44.9355583190918,-92.31056213378906,3,fha,554399.1303205156,4976022.961811444,436126,4.535421454912045,325449
FHA_55_550002_7,254.36363220214844,208.63636779785156,193.90908813476562,252.5,424.5909118652344,746.4545288085938,893.9545288085938,957.8181762695312,938.4545288085938,1042.45458984375,1139.95458984375,1235.54541015625,1274.54541015625,1370.3182373046875,1442.1363525390625,1513.45458984375,1457.272705078125,1321.54541015625,1071.6363525390625,885.5908813476562,767.0454711914062,618.6818237304688,470.0909118652344,339.9090881347656,FHA_55_550002,7,44.9355583190918,-92.31056213378906,7,fha,554399.1303205156,4976022.961811444,325449,4.535421454912045,436126
FHA_55_550006_3,231.7857208251953,174.42857360839844,148.57142639160156,171.42857360839844,313.71429443359375,760.3571166992188,1453.142822265625,2017.7857666015625,2263.71435546875,2525.78564453125,2696.71435546875,2891.28564453125,3027.28564453125,3145.5,3521.071533203125,3929.71435546875,4071.357177734375,3686.428466796875,2690.571533203125,1991.9285888671875,1548.5,1008.8571166992188,625.2857055664062,412.0714416503906,FHA_55_550006,3,44.9627799987793,-92.75721740722656,3,fha,519147.36666579015,4978844.409994615,600152,9.270180131240512,266798
FHA_55_550006_7,343.0714416503906,265.28570556640625,251.64285278320312,354.3571472167969,727.9285888671875,1851.2857666015625,2847.142822265625,2997.71435546875,2543.357177734375,2432.642822265625,2526.428466796875,2611.428466796875,2681.571533203125,2751.28564453125,2909.28564453125,3002.928466796875,3153.0,2773.0,2219.071533203125,1775.357177734375,1533.4285888671875,1175.357177734375,818.6428833007812,547.0,FHA_55_550006,7,44.9627799987793,-92.75721740722656,7,fha,519147.36666579015,4978844.409994615,137440,9.270180131240512,600152
FHA_55_550008_3,83.45454406738281,55.772727966308594,33.272727966308594,35.6363639831543,61.8636360168457,149.18182373046875,377.4090881347656,529.9545288085938,624.6363525390625,750.5,855.772705078125,996.9091186523438,1086.4090576171875,1186.4090576171875,1633.54541015625,1908.45458984375,2082.5,1872.5,1289.45458984375,889.5454711914062,673.0454711914062,506.7272644042969,322.4545593261719,178.77272033691406,FHA_55_550008,3,45.05436706542969,-92.77947998046875,3,fha,517363.9062541691,4989013.571342609,478973,6.311486654696495,478972
FHA_55_550008_7,45.6363639831543,30.863636016845703,40.272727966308594,118.18181610107422,380.6363525390625,1032.8182373046875,1570.772705078125,1621.4090576171875,1232.1363525390625,1037.1363525390625,988.1818237304688,973.3636474609375,977.6363525390625,942.0454711914062,930.4091186523438,965.227294921875,997.9091186523438,923.3636474609375,669.5908813476562,527.3636474609375,429.7727355957031,344.8636474609375,234.22727966308594,193.81817626953125,FHA_55_550008,7,45.05436706542969,-92.77947998046875,7,fha,517363.9062541691,4989013.571342609,478972,6.311486654696495,478973
FHA_55_550153_7,310.31817626953125,248.0454559326172,226.5454559326172,317.5909118652344,587.272705078125,1308.227294921875,1786.54541015625,1896.4090576171875,1736.1363525390625,1707.772705078125,1794.8182373046875,1899.227294921875,1955.6817626953125,2002.54541015625,2089.0,2212.772705078125,2253.863525390625,2047.45458984375,1605.6817626953125,1308.272705078125,1110.3636474609375,877.272705078125,641.5908813476562,445.4090881347656,FHA_55_550153,7,44.963890075683594,-92.6883316040039,7,fha,524579.6617415542,4978986.300068278,505330,11.574623950363055,266168
FHA_55_550153_3,256.1363525390625,192.0,172.36363220214844,202.72727966308594,352.5909118652344,572.1363525390625,1004.0908813476562,1315.04541015625,1510.227294921875,1814.54541015625,2010.3182373046875,2064.5908203125,2125.863525390625,2173.727294921875,2358.681884765625,2471.45458984375,2543.636474609375,2308.0,1811.5909423828125,1401.04541015625,1087.4090576171875,859.0908813476562,610.4545288085938,405.5454406738281,FHA_55_550153,3,44.963890075683594,-92.6883316040039,3,fha,524579.6617415542,4978986.300068278,266168,11.574623950363055,505330
FHA_55_550154_7,258.34783935546875,212.82608032226562,198.0869598388672,289.7826232910156,539.95654296875,1063.521728515625,1318.3043212890625,1307.565185546875,1201.7825927734375,1240.7391357421875,1339.3043212890625,1436.2174072265625,1467.7391357421875,1540.8260498046875,1610.608642578125,1655.565185546875,1669.0869140625,1468.04345703125,1188.0869140625,985.04345703125,835.5652465820312,669.6087036132812,502.65216064453125,356.0,FHA_55_550154,7,44.964988708496094,-92.66825103759766,7,fha,526162.8120205243,4979114.627184173,424822,16.460452710219414,314887
FHA_55_550154_3,211.43478393554688,149.6086883544922,138.13043212890625,165.78260803222656,267.39129638671875,459.7391357421875,760.0869750976562,987.3043212890625,1173.95654296875,1456.391357421875,1628.6956787109375,1653.2174072265625,1649.2174072265625,1714.0,1818.2608642578125,1897.521728515625,1885.95654296875,1662.521728515625,1349.1304931640625,1059.04345703125,801.6956787109375,627.5652465820312,457.86956787109375,316.0869445800781,FHA_55_550154,3,44.964988708496094,-92.66825103759766,3,fha,526162.8120205243,4979114.627184173,314887,16.460452710219414,424823
FHA_55_550216_1,31.090909957885742,20.727272033691406,23.590909957885742,59.95454406738281,199.27272033691406,469.0454406738281,824.227294921875,970.272705078125,768.3181762695312,679.6363525390625,656.9545288085938,679.5,692.227294921875,661.4091186523438,678.727294921875,738.9091186523438,781.727294921875,670.9091186523438,495.5454406738281,363.7272644042969,315.0454406738281,241.81817626953125,139.5454559326172,76.2727279663086,FHA_55_550216,1,44.91497039794922,-92.66831970214844,1,fha,526180.1175428954,4973558.263016482,220059,5.249057657131991,449002
FHA_55_550216_5,62.40909194946289,36.45454406738281,28.045454025268555,28.454545974731445,36.0,147.13636779785156,304.4090881347656,448.5909118652344,459.18182373046875,479.9545593261719,520.772705078125,588.8636474609375,657.772705078125,712.5908813476562,854.5908813476562,1052.3182373046875,1221.4090576171875,1082.95458984375,732.5908813476562,545.5,452.0454406738281,349.0,234.86363220214844,139.5454559326172,FHA_55_550216,5,44.91497039794922,-92.66831970214844,5,fha,526180.1175428954,4973558.263016482,449002,5.249057657131991,220059
FHA_55_550880_1,52.0,34.818180084228516,20.863636016845703,24.045454025268555,44.772727966308594,99.90908813476562,241.36363220214844,341.81817626953125,363.4545593261719,414.31817626953125,477.2727355957031,525.3636474609375,567.772705078125,627.6363525390625,844.8636474609375,1016.5908813476562,1088.6363525390625,995.8181762695312,679.5908813476562,460.0909118652344,342.3636474609375,265.7727355957031,177.36363220214844,103.45454406738281,FHA_55_550880,1,45.10889434814453,-92.68045806884766,1,fha,525137.041384375,4995096.95702561,103323,3.2454452223259893,628070
FHA_55_550880_5,26.68181800842285,15.818181991577148,25.772727966308594,80.13636016845703,258.9090881347656,685.4545288085938,884.772705078125,818.4545288085938,598.772705078125,536.3181762695312,518.4091186523438,520.3181762695312,507.4090881347656,499.31817626953125,485.31817626953125,506.7272644042969,524.727294921875,461.5,332.81817626953125,253.86363220214844,204.81817626953125,158.13636779785156,112.86363983154297,77.31818389892578,FHA_55_550880,5,45.10889434814453,-92.68045806884766,5,fha,525137.041384375,4995096.95702561,628070,3.2454452223259893,103323
